,Product Name,Prices,Description,Reviews
0,"Nothing Phone (2) (Dark Grey, 512 GB)","₹45,999",12 GB RAM | 512 GB ROM17.02 cm (6.7 inch) Full HD+ Display50 MP(OIS) +50MP | 32MP Front Camera4700 mAh Lithium ion BatteryQualcomm Snapdragon 8+ Gen 1 ProcessorLTPO AMOLED (1 Hz - 120 Hz)1 Year Manufacturing Warranty,4.4
1,"APPLE iPhone 12 (Blue, 128 GB)","₹48,999","128 GB ROM15.49 cm (6.1 inch) Super Retina XDR Display12MP + 12MP | 12MP Front CameraA14 Bionic Chip with Next Generation Neural Engine ProcessorCeramic ShieldIndustry-leading IP68 Water ResistanceAll Screen OLED Display12MP TrueDepth Front Camera with Night Mode, 4K Dolby Vision HDR RecordingBrand Warranty for 1 Year",4.6
2,"SAMSUNG Galaxy Z Flip3 5G (Cream, 128 GB)","₹45,999",8 GB RAM | 128 GB ROM17.02 cm (6.7 inch) Full HD+ Display12MP + 12MP | 10MP Front Camera3300 mAh Lithium-ion BatteryQualcomm Snapdragon 888 Octa-Core Processor1 Year Manufacturer Warranty for Device and 6 months Manufacturer Warranty for In-Box Accessories,4.3
3,"SAMSUNG Galaxy Z Flip3 5G (Phantom Black, 128 GB)","₹45,999",8 GB RAM | 128 GB ROM17.02 cm (6.7 inch) Full HD+ Display12MP + 12MP | 10MP Front Camera3300 mAh Lithium-ion BatteryQualcomm Snapdragon 888 Octa-Core Processor1 Year Manufacturer Warranty for Device and 6 months Manufacturer Warranty for In-Box Accessories,4.3
4,"vivo V29 Pro 5G (Blue, 256 GB)","₹42,999",12 GB RAM | 256 GB ROM17.22 cm (6.78 inch) Full HD+ AMOLED Display50MP + 12MP + 8MP | 50MP Front Camera4600 mAh BatteryDimensity 8200 Processor1 Year Manufacturer Warranty for Phone and 6 Months Warranty for In the Box Accessories,4.5
5,"vivo V29 Pro 5G (Black, 256 GB)","₹42,999",12 GB RAM | 256 GB ROM17.22 cm (6.78 inch) Full HD+ AMOLED Display50MP + 12MP + 8MP | 50MP Front Camera4600 mAh BatteryDimensity 8200 Processor1 Year Manufacturer Warranty for Phone and 6 Months Warranty for In the Box Accessories,4.5
6,"SAMSUNG Galaxy A54 5G (Awesome Lime, 256 GB)","₹38,999","8 GB RAM | 256 GB ROM | Expandable Upto 1 TB16.26 cm (6.4 inch) Full HD+ Display50MP + 12MP + 5MP | 32MP Front Camera5000 mAh BatteryExynos 1380, Octa Core Processor1 Year Manufacturer Warranty for Device and 6 Months Manufacturer Warranty for In-Box Accessories",4.2
7,"APPLE iPhone 12 (White, 128 GB)","₹48,999","128 GB ROM15.49 cm (6.1 inch) Super Retina XDR Display12MP + 12MP | 12MP Front CameraA14 Bionic Chip with Next Generation Neural Engine ProcessorCeramic ShieldIndustry-leading IP68 Water ResistanceAll Screen OLED Display12MP TrueDepth Front Camera with Night Mode, 4K Dolby Vision HDR RecordingBrand Warranty for 1 Year",4.6
8,"APPLE iPhone 11 (White, 128 GB)","₹48,900",128 GB ROM15.49 cm (6.1 inch) Liquid Retina HD Display12MP + 12MP | 12MP Front CameraA13 Bionic Chip ProcessorBrand Warranty of 1 Year,4.6
9,"OnePlus 10 Pro 5G (Emerald Forest, 128 GB)","₹49,859",8 GB RAM | 128 GB ROM17.02 cm (6.7 inch) Display48MP Rear Camera5000 mAh Battery1 year manufacturer warranty for device and 6 months manufacturer warranty for in-box accessories including batteries from the date of purchase,4.2
10,"Samsung Galaxy S21 FE 5G with Snapdragon 888 (Olive, 256 GB)","₹41,999",8 GB RAM | 256 GB ROM16.26 cm (6.4 inch) Full HD+ Display12MP + 12MP + 8MP (OIS) | 32MP Front Camera4500 mAh Lithium-ion BatterySnapdragon 888 Processor1 Year Manufacturer Warranty for Device and 6 Months Manufacturer Warranty for In-Box Accessories,4.3
11,"OnePlus 10 Pro 5G (Volcanic Black, 128 GB)","₹48,699",8 GB RAM | 128 GB ROM17.02 cm (6.7 inch) Display48MP Rear Camera5000 mAh Battery1 Year Manufacturer Warranty for Handset and 6 Months Warranty for In the Box Accessories,4.2
12,"SAMSUNG Galaxy S20 FE 5G (Cloud Navy, 128 GB)","₹26,999",8 GB RAM | 128 GB ROM16.51 cm (6.5 inch) Display12MP Rear Camera | 32MP Front Camera4500 mAh Battery1 Year Warranty,4.2
13,"Mi 10T Pro (Cosmic Black, 128 GB)","₹25,899",8 GB RAM | 128 GB ROM16.94 cm (6.67 inch) Full HD+ Display108MP + 13MP + 5MP | 20MP Front Camera5000 mAh Li-ion Polymer BatteryQualcomm Snapdragon 865 Processor144Hz Intelligent AdaptiveSync Display33W Dual Split Flash Charge1 Year Manufacturer Warranty for Device and 6 Months Manufacturer Warranty for In-box Accessories,4.2
14,"Tecno Phantom X2 Pro Retractable 50MP Portrait Lens (Mars Orange, 256 GB)","₹41,999",12 GB RAM | 256 GB ROM17.27 cm (6.8 inch) Full HD+ Display50MP + 50MP + 13MP | 32MP Front Camera5160 mAh BatteryMediaTek Dimensity 9000 MT6983 ProcessorDomestic Warranty of 12 Months on Phone & 6 Months on Accessories,4.2
15,"OnePlus 10 Pro 5G (Volcanic Black, 128 GB)","₹50,000",8 GB RAM | 128 GB ROM17.02 cm (6.7 inch) Display48MP Rear Camera | 32MP Front Camera5000 mAh Battery1 Year Manufacturer Warranty for Handset and 6 Months Warranty for In the Box Accessories,4.2
16,"APPLE iPhone 6 Plus (Silver, 64 GB)","₹48,999",64 GB ROM13.97 cm (5.5 inch) Retina HD Display8MP Rear Camera | 1.2MP Front CameraA8 Chip with 64-bit Architecture and M8 Motion Co-processor1 Year Manufacturer Warranty,4.5
17,"Xiaomi 12 Pro 5G (Noir Black, 256 GB)","₹47,999",8 GB RAM | 256 GB ROM17.09 cm (6.73 inch) Full HD+ Display50MP + 50MP + 50MP | 32MP Front Camera4600 mAh Lithium Polymer BatterySnapdragon 8 Gen 1 Processor1 Year Manufacturer Warranty for Phone and 6 Months Warranty for In the Box Accessories,4.1
18,"OPPO Reno8 Pro 5G (Glazed Green, 256 GB)","₹36,499",12 GB RAM | 256 GB ROM17.02 cm (6.7 inch) Full HD+ AMOLED Display50MP + 8MP + 2MP | 32MP Front Camera4500 mAh Lithium-ion Polymer BatteryMediatek Dimensity 8100 Max Processor1 Year Warranty for Phone and 6 Months Warranty for In-Box Accessories,4.4
19,"OPPO Reno8 Pro 5G (Glazed Black, 256 GB)","₹36,499",12 GB RAM | 256 GB ROM17.02 cm (6.7 inch) Full HD+ AMOLED Display50MP + 8MP + 2MP | 32MP Front Camera4500 mAh Lithium-ion Polymer BatteryMediatek Dimensity 8100 Max Processor1 Year Warranty for Phone and 6 Months Warranty for In-Box Accessories,4.4
20,"Tecno Phantom V Flip 5G (Iconic Black, 256 GB)","₹49,999",8 GB RAM | 256 GB ROM17.53 cm (6.9 inch) Display64MP Rear Camera4000 mAh Battery12 Month Warranty,3.8
21,"OnePlus 10T 5G (Jade Green, 256 GB)","₹48,999",12 GB RAM | 256 GB ROM17.02 cm (6.7 inch) Display50MP Rear Camera4800 mAh Battery1 year manufacturer warranty for device and 6 months manufacturer warranty for in-box accessories including batteries from the date of purchase,4.2
22,"realme X50 Pro (Moss Green, 256 GB)","₹47,999",12 GB RAM | 256 GB ROM16.36 cm (6.44 inch) Full HD+ Display64MP + 12MP + 8MP + 2MP | 32MP + 8MP Dual Front Camera4200 mAh Battery5G PhoneQualcomm Snapdragon 865 Processor65W Superdart ChargeBrand Warranty of 1 Year Available for Mobile and 6 Months for Accessories,4.4
23,"OPPO Reno7 Pro 5G (Starlight Black, 256 GB)","₹37,988",12 GB RAM | 256 GB ROM16.51 cm (6.5 inch) Full HD+ AMOLED Display50MP + 8MP + 2MP | 32MP Front Camera4500 mAh Lithium-ion Polymer BatteryMediaTek Dimensity 1200-Max Processor65W SuperVOOC | OPPO Sony IMX766 Flagship Rear Camera SensorAircraft-Grade Shooting Star Design | OPPO Glow1 Year Warranty for Phone and 6 Months Warranty for In-Box Accessories,4.3
24,"Nothing Phone (2) (Dark Grey, 512 GB)","₹45,999",12 GB RAM | 512 GB ROM17.02 cm (6.7 inch) Full HD+ Display50 MP(OIS) +50MP | 32MP Front Camera4700 mAh Lithium ion BatteryQualcomm Snapdragon 8+ Gen 1 ProcessorLTPO AMOLED (1 Hz - 120 Hz)1 Year Manufacturing Warranty,4.4
25,"APPLE iPhone 12 (Blue, 128 GB)","₹48,999","128 GB ROM15.49 cm (6.1 inch) Super Retina XDR Display12MP + 12MP | 12MP Front CameraA14 Bionic Chip with Next Generation Neural Engine ProcessorCeramic ShieldIndustry-leading IP68 Water ResistanceAll Screen OLED Display12MP TrueDepth Front Camera with Night Mode, 4K Dolby Vision HDR RecordingBrand Warranty for 1 Year",4.6
26,"SAMSUNG Galaxy Z Flip3 5G (Cream, 128 GB)","₹45,999",8 GB RAM | 128 GB ROM17.02 cm (6.7 inch) Full HD+ Display12MP + 12MP | 10MP Front Camera3300 mAh Lithium-ion BatteryQualcomm Snapdragon 888 Octa-Core Processor1 Year Manufacturer Warranty for Device and 6 months Manufacturer Warranty for In-Box Accessories,4.3
27,"SAMSUNG Galaxy Z Flip3 5G (Phantom Black, 128 GB)","₹45,999",8 GB RAM | 128 GB ROM17.02 cm (6.7 inch) Full HD+ Display12MP + 12MP | 10MP Front Camera3300 mAh Lithium-ion BatteryQualcomm Snapdragon 888 Octa-Core Processor1 Year Manufacturer Warranty for Device and 6 months Manufacturer Warranty for In-Box Accessories,4.3
28,"vivo V29 Pro 5G (Blue, 256 GB)","₹42,999",12 GB RAM | 256 GB ROM17.22 cm (6.78 inch) Full HD+ AMOLED Display50MP + 12MP + 8MP | 50MP Front Camera4600 mAh BatteryDimensity 8200 Processor1 Year Manufacturer Warranty for Phone and 6 Months Warranty for In the Box Accessories,4.5
29,"vivo V29 Pro 5G (Black, 256 GB)","₹42,999",12 GB RAM | 256 GB ROM17.22 cm (6.78 inch) Full HD+ AMOLED Display50MP + 12MP + 8MP | 50MP Front Camera4600 mAh BatteryDimensity 8200 Processor1 Year Manufacturer Warranty for Phone and 6 Months Warranty for In the Box Accessories,4.5
30,"SAMSUNG Galaxy A54 5G (Awesome Lime, 256 GB)","₹38,999","8 GB RAM | 256 GB ROM | Expandable Upto 1 TB16.26 cm (6.4 inch) Full HD+ Display50MP + 12MP + 5MP | 32MP Front Camera5000 mAh BatteryExynos 1380, Octa Core Processor1 Year Manufacturer Warranty for Device and 6 Months Manufacturer Warranty for In-Box Accessories",4.2
31,"APPLE iPhone 12 (White, 128 GB)","₹48,999","128 GB ROM15.49 cm (6.1 inch) Super Retina XDR Display12MP + 12MP | 12MP Front CameraA14 Bionic Chip with Next Generation Neural Engine ProcessorCeramic ShieldIndustry-leading IP68 Water ResistanceAll Screen OLED Display12MP TrueDepth Front Camera with Night Mode, 4K Dolby Vision HDR RecordingBrand Warranty for 1 Year",4.6
32,"APPLE iPhone 11 (White, 128 GB)","₹48,900",128 GB ROM15.49 cm (6.1 inch) Liquid Retina HD Display12MP + 12MP | 12MP Front CameraA13 Bionic Chip ProcessorBrand Warranty of 1 Year,4.6
33,"OnePlus 10 Pro 5G (Emerald Forest, 128 GB)","₹49,859",8 GB RAM | 128 GB ROM17.02 cm (6.7 inch) Display48MP Rear Camera5000 mAh Battery1 year manufacturer warranty for device and 6 months manufacturer warranty for in-box accessories including batteries from the date of purchase,4.2
34,"SAMSUNG Galaxy S20 FE 5G (Cloud Navy, 128 GB)","₹27,984",8 GB RAM | 128 GB ROM16.51 cm (6.5 inch) Display12MP Rear Camera | 32MP Front Camera4500 mAh Battery1 Year Warranty,4.2
35,"Samsung Galaxy S21 FE 5G with Snapdragon 888 (Olive, 256 GB)","₹41,999",8 GB RAM | 256 GB ROM16.26 cm (6.4 inch) Full HD+ Display12MP + 12MP + 8MP (OIS) | 32MP Front Camera4500 mAh Lithium-ion BatterySnapdragon 888 Processor1 Year Manufacturer Warranty for Device and 6 Months Manufacturer Warranty for In-Box Accessories,4.3
36,"OnePlus 10 Pro 5G (Volcanic Black, 128 GB)","₹48,699",8 GB RAM | 128 GB ROM17.02 cm (6.7 inch) Display48MP Rear Camera5000 mAh Battery1 Year Manufacturer Warranty for Handset and 6 Months Warranty for In the Box Accessories,4.2
37,"Mi 10T Pro (Cosmic Black, 128 GB)","₹25,899",8 GB RAM | 128 GB ROM16.94 cm (6.67 inch) Full HD+ Display108MP + 13MP + 5MP | 20MP Front Camera5000 mAh Li-ion Polymer BatteryQualcomm Snapdragon 865 Processor144Hz Intelligent AdaptiveSync Display33W Dual Split Flash Charge1 Year Manufacturer Warranty for Device and 6 Months Manufacturer Warranty for In-box Accessories,4.2
38,"Tecno Phantom X2 Pro Retractable 50MP Portrait Lens (Mars Orange, 256 GB)","₹41,999",12 GB RAM | 256 GB ROM17.27 cm (6.8 inch) Full HD+ Display50MP + 50MP + 13MP | 32MP Front Camera5160 mAh BatteryMediaTek Dimensity 9000 MT6983 ProcessorDomestic Warranty of 12 Months on Phone & 6 Months on Accessories,4.2
39,"OnePlus 10 Pro 5G (Volcanic Black, 128 GB)","₹50,000",8 GB RAM | 128 GB ROM17.02 cm (6.7 inch) Display48MP Rear Camera | 32MP Front Camera5000 mAh Battery1 Year Manufacturer Warranty for Handset and 6 Months Warranty for In the Box Accessories,4.2
40,"APPLE iPhone 6 Plus (Silver, 64 GB)","₹48,999",64 GB ROM13.97 cm (5.5 inch) Retina HD Display8MP Rear Camera | 1.2MP Front CameraA8 Chip with 64-bit Architecture and M8 Motion Co-processor1 Year Manufacturer Warranty,4.5
41,"Xiaomi 12 Pro 5G (Noir Black, 256 GB)","₹47,999",8 GB RAM | 256 GB ROM17.09 cm (6.73 inch) Full HD+ Display50MP + 50MP + 50MP | 32MP Front Camera4600 mAh Lithium Polymer BatterySnapdragon 8 Gen 1 Processor1 Year Manufacturer Warranty for Phone and 6 Months Warranty for In the Box Accessories,4.1
42,"OPPO Reno8 Pro 5G (Glazed Green, 256 GB)","₹36,499",12 GB RAM | 256 GB ROM17.02 cm (6.7 inch) Full HD+ AMOLED Display50MP + 8MP + 2MP | 32MP Front Camera4500 mAh Lithium-ion Polymer BatteryMediatek Dimensity 8100 Max Processor1 Year Warranty for Phone and 6 Months Warranty for In-Box Accessories,4.4
43,"OPPO Reno8 Pro 5G (Glazed Black, 256 GB)","₹36,499",12 GB RAM | 256 GB ROM17.02 cm (6.7 inch) Full HD+ AMOLED Display50MP + 8MP + 2MP | 32MP Front Camera4500 mAh Lithium-ion Polymer BatteryMediatek Dimensity 8100 Max Processor1 Year Warranty for Phone and 6 Months Warranty for In-Box Accessories,4.4
44,"Tecno Phantom V Flip 5G (Iconic Black, 256 GB)","₹49,999",8 GB RAM | 256 GB ROM17.53 cm (6.9 inch) Display64MP Rear Camera4000 mAh Battery12 Month Warranty,3.8
45,"OnePlus 10T 5G (Jade Green, 256 GB)","₹48,999",12 GB RAM | 256 GB ROM17.02 cm (6.7 inch) Display50MP Rear Camera4800 mAh Battery1 year manufacturer warranty for device and 6 months manufacturer warranty for in-box accessories including batteries from the date of purchase,4.2
46,"realme X50 Pro (Moss Green, 256 GB)","₹47,999",12 GB RAM | 256 GB ROM16.36 cm (6.44 inch) Full HD+ Display64MP + 12MP + 8MP + 2MP | 32MP + 8MP Dual Front Camera4200 mAh Battery5G PhoneQualcomm Snapdragon 865 Processor65W Superdart ChargeBrand Warranty of 1 Year Available for Mobile and 6 Months for Accessories,4.4
47,"OPPO Reno7 Pro 5G (Starlight Black, 256 GB)","₹37,988",12 GB RAM | 256 GB ROM16.51 cm (6.5 inch) Full HD+ AMOLED Display50MP + 8MP + 2MP | 32MP Front Camera4500 mAh Lithium-ion Polymer BatteryMediaTek Dimensity 1200-Max Processor65W SuperVOOC | OPPO Sony IMX766 Flagship Rear Camera SensorAircraft-Grade Shooting Star Design | OPPO Glow1 Year Warranty for Phone and 6 Months Warranty for In-Box Accessories,4.3
48,"Nothing Phone (2) (Dark Grey, 512 GB)","₹45,999",12 GB RAM | 512 GB ROM17.02 cm (6.7 inch) Full HD+ Display50 MP(OIS) +50MP | 32MP Front Camera4700 mAh Lithium ion BatteryQualcomm Snapdragon 8+ Gen 1 ProcessorLTPO AMOLED (1 Hz - 120 Hz)1 Year Manufacturing Warranty,4.4
49,"APPLE iPhone 12 (Blue, 128 GB)","₹48,999","128 GB ROM15.49 cm (6.1 inch) Super Retina XDR Display12MP + 12MP | 12MP Front CameraA14 Bionic Chip with Next Generation Neural Engine ProcessorCeramic ShieldIndustry-leading IP68 Water ResistanceAll Screen OLED Display12MP TrueDepth Front Camera with Night Mode, 4K Dolby Vision HDR RecordingBrand Warranty for 1 Year",4.6
50,"SAMSUNG Galaxy Z Flip3 5G (Cream, 128 GB)","₹45,999",8 GB RAM | 128 GB ROM17.02 cm (6.7 inch) Full HD+ Display12MP + 12MP | 10MP Front Camera3300 mAh Lithium-ion BatteryQualcomm Snapdragon 888 Octa-Core Processor1 Year Manufacturer Warranty for Device and 6 months Manufacturer Warranty for In-Box Accessories,4.3
51,"SAMSUNG Galaxy Z Flip3 5G (Phantom Black, 128 GB)","₹45,999",8 GB RAM | 128 GB ROM17.02 cm (6.7 inch) Full HD+ Display12MP + 12MP | 10MP Front Camera3300 mAh Lithium-ion BatteryQualcomm Snapdragon 888 Octa-Core Processor1 Year Manufacturer Warranty for Device and 6 months Manufacturer Warranty for In-Box Accessories,4.3
52,"vivo V29 Pro 5G (Blue, 256 GB)","₹42,999",12 GB RAM | 256 GB ROM17.22 cm (6.78 inch) Full HD+ AMOLED Display50MP + 12MP + 8MP | 50MP Front Camera4600 mAh BatteryDimensity 8200 Processor1 Year Manufacturer Warranty for Phone and 6 Months Warranty for In the Box Accessories,4.5
53,"vivo V29 Pro 5G (Black, 256 GB)","₹42,999",12 GB RAM | 256 GB ROM17.22 cm (6.78 inch) Full HD+ AMOLED Display50MP + 12MP + 8MP | 50MP Front Camera4600 mAh BatteryDimensity 8200 Processor1 Year Manufacturer Warranty for Phone and 6 Months Warranty for In the Box Accessories,4.5
54,"SAMSUNG Galaxy A54 5G (Awesome Lime, 256 GB)","₹38,999","8 GB RAM | 256 GB ROM | Expandable Upto 1 TB16.26 cm (6.4 inch) Full HD+ Display50MP + 12MP + 5MP | 32MP Front Camera5000 mAh BatteryExynos 1380, Octa Core Processor1 Year Manufacturer Warranty for Device and 6 Months Manufacturer Warranty for In-Box Accessories",4.2
55,"APPLE iPhone 12 (White, 128 GB)","₹48,999","128 GB ROM15.49 cm (6.1 inch) Super Retina XDR Display12MP + 12MP | 12MP Front CameraA14 Bionic Chip with Next Generation Neural Engine ProcessorCeramic ShieldIndustry-leading IP68 Water ResistanceAll Screen OLED Display12MP TrueDepth Front Camera with Night Mode, 4K Dolby Vision HDR RecordingBrand Warranty for 1 Year",4.6
56,"APPLE iPhone 11 (White, 128 GB)","₹48,900",128 GB ROM15.49 cm (6.1 inch) Liquid Retina HD Display12MP + 12MP | 12MP Front CameraA13 Bionic Chip ProcessorBrand Warranty of 1 Year,4.6
57,"OnePlus 10 Pro 5G (Emerald Forest, 128 GB)","₹49,859",8 GB RAM | 128 GB ROM17.02 cm (6.7 inch) Display48MP Rear Camera5000 mAh Battery1 year manufacturer warranty for device and 6 months manufacturer warranty for in-box accessories including batteries from the date of purchase,4.2
58,"SAMSUNG Galaxy S20 FE 5G (Cloud Navy, 128 GB)","₹27,984",8 GB RAM | 128 GB ROM16.51 cm (6.5 inch) Display12MP Rear Camera | 32MP Front Camera4500 mAh Battery1 Year Warranty,4.2
59,"Samsung Galaxy S21 FE 5G with Snapdragon 888 (Olive, 256 GB)","₹41,999",8 GB RAM | 256 GB ROM16.26 cm (6.4 inch) Full HD+ Display12MP + 12MP + 8MP (OIS) | 32MP Front Camera4500 mAh Lithium-ion BatterySnapdragon 888 Processor1 Year Manufacturer Warranty for Device and 6 Months Manufacturer Warranty for In-Box Accessories,4.3
60,"OnePlus 10 Pro 5G (Volcanic Black, 128 GB)","₹48,699",8 GB RAM | 128 GB ROM17.02 cm (6.7 inch) Display48MP Rear Camera5000 mAh Battery1 Year Manufacturer Warranty for Handset and 6 Months Warranty for In the Box Accessories,4.2
61,"Mi 10T Pro (Cosmic Black, 128 GB)","₹25,899",8 GB RAM | 128 GB ROM16.94 cm (6.67 inch) Full HD+ Display108MP + 13MP + 5MP | 20MP Front Camera5000 mAh Li-ion Polymer BatteryQualcomm Snapdragon 865 Processor144Hz Intelligent AdaptiveSync Display33W Dual Split Flash Charge1 Year Manufacturer Warranty for Device and 6 Months Manufacturer Warranty for In-box Accessories,4.2
62,"Tecno Phantom X2 Pro Retractable 50MP Portrait Lens (Mars Orange, 256 GB)","₹41,999",12 GB RAM | 256 GB ROM17.27 cm (6.8 inch) Full HD+ Display50MP + 50MP + 13MP | 32MP Front Camera5160 mAh BatteryMediaTek Dimensity 9000 MT6983 ProcessorDomestic Warranty of 12 Months on Phone & 6 Months on Accessories,4.2
63,"OnePlus 10 Pro 5G (Volcanic Black, 128 GB)","₹50,000",8 GB RAM | 128 GB ROM17.02 cm (6.7 inch) Display48MP Rear Camera | 32MP Front Camera5000 mAh Battery1 Year Manufacturer Warranty for Handset and 6 Months Warranty for In the Box Accessories,4.2
64,"APPLE iPhone 6 Plus (Silver, 64 GB)","₹48,999",64 GB ROM13.97 cm (5.5 inch) Retina HD Display8MP Rear Camera | 1.2MP Front CameraA8 Chip with 64-bit Architecture and M8 Motion Co-processor1 Year Manufacturer Warranty,4.5
65,"Xiaomi 12 Pro 5G (Noir Black, 256 GB)","₹47,999",8 GB RAM | 256 GB ROM17.09 cm (6.73 inch) Full HD+ Display50MP + 50MP + 50MP | 32MP Front Camera4600 mAh Lithium Polymer BatterySnapdragon 8 Gen 1 Processor1 Year Manufacturer Warranty for Phone and 6 Months Warranty for In the Box Accessories,4.1
66,"OPPO Reno8 Pro 5G (Glazed Green, 256 GB)","₹36,499",12 GB RAM | 256 GB ROM17.02 cm (6.7 inch) Full HD+ AMOLED Display50MP + 8MP + 2MP | 32MP Front Camera4500 mAh Lithium-ion Polymer BatteryMediatek Dimensity 8100 Max Processor1 Year Warranty for Phone and 6 Months Warranty for In-Box Accessories,4.4
67,"OPPO Reno8 Pro 5G (Glazed Black, 256 GB)","₹36,499",12 GB RAM | 256 GB ROM17.02 cm (6.7 inch) Full HD+ AMOLED Display50MP + 8MP + 2MP | 32MP Front Camera4500 mAh Lithium-ion Polymer BatteryMediatek Dimensity 8100 Max Processor1 Year Warranty for Phone and 6 Months Warranty for In-Box Accessories,4.4
68,"Tecno Phantom V Flip 5G (Iconic Black, 256 GB)","₹49,999",8 GB RAM | 256 GB ROM17.53 cm (6.9 inch) Display64MP Rear Camera4000 mAh Battery12 Month Warranty,3.8
69,"OnePlus 10T 5G (Jade Green, 256 GB)","₹48,999",12 GB RAM | 256 GB ROM17.02 cm (6.7 inch) Display50MP Rear Camera4800 mAh Battery1 year manufacturer warranty for device and 6 months manufacturer warranty for in-box accessories including batteries from the date of purchase,4.2
70,"realme X50 Pro (Moss Green, 256 GB)","₹47,999",12 GB RAM | 256 GB ROM16.36 cm (6.44 inch) Full HD+ Display64MP + 12MP + 8MP + 2MP | 32MP + 8MP Dual Front Camera4200 mAh Battery5G PhoneQualcomm Snapdragon 865 Processor65W Superdart ChargeBrand Warranty of 1 Year Available for Mobile and 6 Months for Accessories,4.4
71,"OPPO Reno7 Pro 5G (Starlight Black, 256 GB)","₹37,988",12 GB RAM | 256 GB ROM16.51 cm (6.5 inch) Full HD+ AMOLED Display50MP + 8MP + 2MP | 32MP Front Camera4500 mAh Lithium-ion Polymer BatteryMediaTek Dimensity 1200-Max Processor65W SuperVOOC | OPPO Sony IMX766 Flagship Rear Camera SensorAircraft-Grade Shooting Star Design | OPPO Glow1 Year Warranty for Phone and 6 Months Warranty for In-Box Accessories,4.3
72,"Nothing Phone (2) (Dark Grey, 512 GB)","₹45,999",12 GB RAM | 512 GB ROM17.02 cm (6.7 inch) Full HD+ Display50 MP(OIS) +50MP | 32MP Front Camera4700 mAh Lithium ion BatteryQualcomm Snapdragon 8+ Gen 1 ProcessorLTPO AMOLED (1 Hz - 120 Hz)1 Year Manufacturing Warranty,4.4
73,"APPLE iPhone 12 (Blue, 128 GB)","₹48,999","128 GB ROM15.49 cm (6.1 inch) Super Retina XDR Display12MP + 12MP | 12MP Front CameraA14 Bionic Chip with Next Generation Neural Engine ProcessorCeramic ShieldIndustry-leading IP68 Water ResistanceAll Screen OLED Display12MP TrueDepth Front Camera with Night Mode, 4K Dolby Vision HDR RecordingBrand Warranty for 1 Year",4.6
74,"SAMSUNG Galaxy Z Flip3 5G (Cream, 128 GB)","₹45,999",8 GB RAM | 128 GB ROM17.02 cm (6.7 inch) Full HD+ Display12MP + 12MP | 10MP Front Camera3300 mAh Lithium-ion BatteryQualcomm Snapdragon 888 Octa-Core Processor1 Year Manufacturer Warranty for Device and 6 months Manufacturer Warranty for In-Box Accessories,4.3
75,"SAMSUNG Galaxy Z Flip3 5G (Phantom Black, 128 GB)","₹45,999",8 GB RAM | 128 GB ROM17.02 cm (6.7 inch) Full HD+ Display12MP + 12MP | 10MP Front Camera3300 mAh Lithium-ion BatteryQualcomm Snapdragon 888 Octa-Core Processor1 Year Manufacturer Warranty for Device and 6 months Manufacturer Warranty for In-Box Accessories,4.3
76,"vivo V29 Pro 5G (Blue, 256 GB)","₹42,999",12 GB RAM | 256 GB ROM17.22 cm (6.78 inch) Full HD+ AMOLED Display50MP + 12MP + 8MP | 50MP Front Camera4600 mAh BatteryDimensity 8200 Processor1 Year Manufacturer Warranty for Phone and 6 Months Warranty for In the Box Accessories,4.5
77,"vivo V29 Pro 5G (Black, 256 GB)","₹42,999",12 GB RAM | 256 GB ROM17.22 cm (6.78 inch) Full HD+ AMOLED Display50MP + 12MP + 8MP | 50MP Front Camera4600 mAh BatteryDimensity 8200 Processor1 Year Manufacturer Warranty for Phone and 6 Months Warranty for In the Box Accessories,4.5
78,"SAMSUNG Galaxy A54 5G (Awesome Lime, 256 GB)","₹38,999","8 GB RAM | 256 GB ROM | Expandable Upto 1 TB16.26 cm (6.4 inch) Full HD+ Display50MP + 12MP + 5MP | 32MP Front Camera5000 mAh BatteryExynos 1380, Octa Core Processor1 Year Manufacturer Warranty for Device and 6 Months Manufacturer Warranty for In-Box Accessories",4.2
79,"APPLE iPhone 12 (White, 128 GB)","₹48,999","128 GB ROM15.49 cm (6.1 inch) Super Retina XDR Display12MP + 12MP | 12MP Front CameraA14 Bionic Chip with Next Generation Neural Engine ProcessorCeramic ShieldIndustry-leading IP68 Water ResistanceAll Screen OLED Display12MP TrueDepth Front Camera with Night Mode, 4K Dolby Vision HDR RecordingBrand Warranty for 1 Year",4.6
80,"APPLE iPhone 11 (White, 128 GB)","₹48,900",128 GB ROM15.49 cm (6.1 inch) Liquid Retina HD Display12MP + 12MP | 12MP Front CameraA13 Bionic Chip ProcessorBrand Warranty of 1 Year,4.6
81,"OnePlus 10 Pro 5G (Emerald Forest, 128 GB)","₹49,859",8 GB RAM | 128 GB ROM17.02 cm (6.7 inch) Display48MP Rear Camera5000 mAh Battery1 year manufacturer warranty for device and 6 months manufacturer warranty for in-box accessories including batteries from the date of purchase,4.2
82,"SAMSUNG Galaxy S20 FE 5G (Cloud Navy, 128 GB)","₹27,984",8 GB RAM | 128 GB ROM16.51 cm (6.5 inch) Display12MP Rear Camera | 32MP Front Camera4500 mAh Battery1 Year Warranty,4.2
83,"Samsung Galaxy S21 FE 5G with Snapdragon 888 (Olive, 256 GB)","₹41,999",8 GB RAM | 256 GB ROM16.26 cm (6.4 inch) Full HD+ Display12MP + 12MP + 8MP (OIS) | 32MP Front Camera4500 mAh Lithium-ion BatterySnapdragon 888 Processor1 Year Manufacturer Warranty for Device and 6 Months Manufacturer Warranty for In-Box Accessories,4.3
84,"OnePlus 10 Pro 5G (Volcanic Black, 128 GB)","₹48,699",8 GB RAM | 128 GB ROM17.02 cm (6.7 inch) Display48MP Rear Camera5000 mAh Battery1 Year Manufacturer Warranty for Handset and 6 Months Warranty for In the Box Accessories,4.2
85,"Mi 10T Pro (Cosmic Black, 128 GB)","₹25,899",8 GB RAM | 128 GB ROM16.94 cm (6.67 inch) Full HD+ Display108MP + 13MP + 5MP | 20MP Front Camera5000 mAh Li-ion Polymer BatteryQualcomm Snapdragon 865 Processor144Hz Intelligent AdaptiveSync Display33W Dual Split Flash Charge1 Year Manufacturer Warranty for Device and 6 Months Manufacturer Warranty for In-box Accessories,4.2
86,"Tecno Phantom X2 Pro Retractable 50MP Portrait Lens (Mars Orange, 256 GB)","₹41,999",12 GB RAM | 256 GB ROM17.27 cm (6.8 inch) Full HD+ Display50MP + 50MP + 13MP | 32MP Front Camera5160 mAh BatteryMediaTek Dimensity 9000 MT6983 ProcessorDomestic Warranty of 12 Months on Phone & 6 Months on Accessories,4.2
87,"OnePlus 10 Pro 5G (Volcanic Black, 128 GB)","₹50,000",8 GB RAM | 128 GB ROM17.02 cm (6.7 inch) Display48MP Rear Camera | 32MP Front Camera5000 mAh Battery1 Year Manufacturer Warranty for Handset and 6 Months Warranty for In the Box Accessories,4.2
88,"APPLE iPhone 6 Plus (Silver, 64 GB)","₹48,999",64 GB ROM13.97 cm (5.5 inch) Retina HD Display8MP Rear Camera | 1.2MP Front CameraA8 Chip with 64-bit Architecture and M8 Motion Co-processor1 Year Manufacturer Warranty,4.5
89,"Xiaomi 12 Pro 5G (Noir Black, 256 GB)","₹47,999",8 GB RAM | 256 GB ROM17.09 cm (6.73 inch) Full HD+ Display50MP + 50MP + 50MP | 32MP Front Camera4600 mAh Lithium Polymer BatterySnapdragon 8 Gen 1 Processor1 Year Manufacturer Warranty for Phone and 6 Months Warranty for In the Box Accessories,4.1
90,"OPPO Reno8 Pro 5G (Glazed Green, 256 GB)","₹36,499",12 GB RAM | 256 GB ROM17.02 cm (6.7 inch) Full HD+ AMOLED Display50MP + 8MP + 2MP | 32MP Front Camera4500 mAh Lithium-ion Polymer BatteryMediatek Dimensity 8100 Max Processor1 Year Warranty for Phone and 6 Months Warranty for In-Box Accessories,4.4
91,"OPPO Reno8 Pro 5G (Glazed Black, 256 GB)","₹36,499",12 GB RAM | 256 GB ROM17.02 cm (6.7 inch) Full HD+ AMOLED Display50MP + 8MP + 2MP | 32MP Front Camera4500 mAh Lithium-ion Polymer BatteryMediatek Dimensity 8100 Max Processor1 Year Warranty for Phone and 6 Months Warranty for In-Box Accessories,4.4
92,"Tecno Phantom V Flip 5G (Iconic Black, 256 GB)","₹49,999",8 GB RAM | 256 GB ROM17.53 cm (6.9 inch) Display64MP Rear Camera4000 mAh Battery12 Month Warranty,3.8
93,"OnePlus 10T 5G (Jade Green, 256 GB)","₹48,999",12 GB RAM | 256 GB ROM17.02 cm (6.7 inch) Display50MP Rear Camera4800 mAh Battery1 year manufacturer warranty for device and 6 months manufacturer warranty for in-box accessories including batteries from the date of purchase,4.2
94,"realme X50 Pro (Moss Green, 256 GB)","₹47,999",12 GB RAM | 256 GB ROM16.36 cm (6.44 inch) Full HD+ Display64MP + 12MP + 8MP + 2MP | 32MP + 8MP Dual Front Camera4200 mAh Battery5G PhoneQualcomm Snapdragon 865 Processor65W Superdart ChargeBrand Warranty of 1 Year Available for Mobile and 6 Months for Accessories,4.4
95,"OPPO Reno7 Pro 5G (Starlight Black, 256 GB)","₹37,988",12 GB RAM | 256 GB ROM16.51 cm (6.5 inch) Full HD+ AMOLED Display50MP + 8MP + 2MP | 32MP Front Camera4500 mAh Lithium-ion Polymer BatteryMediaTek Dimensity 1200-Max Processor65W SuperVOOC | OPPO Sony IMX766 Flagship Rear Camera SensorAircraft-Grade Shooting Star Design | OPPO Glow1 Year Warranty for Phone and 6 Months Warranty for In-Box Accessories,4.3
96,"Nothing Phone (2) (Dark Grey, 512 GB)","₹45,999",12 GB RAM | 512 GB ROM17.02 cm (6.7 inch) Full HD+ Display50 MP(OIS) +50MP | 32MP Front Camera4700 mAh Lithium ion BatteryQualcomm Snapdragon 8+ Gen 1 ProcessorLTPO AMOLED (1 Hz - 120 Hz)1 Year Manufacturing Warranty,4.4
97,"APPLE iPhone 12 (Blue, 128 GB)","₹48,999","128 GB ROM15.49 cm (6.1 inch) Super Retina XDR Display12MP + 12MP | 12MP Front CameraA14 Bionic Chip with Next Generation Neural Engine ProcessorCeramic ShieldIndustry-leading IP68 Water ResistanceAll Screen OLED Display12MP TrueDepth Front Camera with Night Mode, 4K Dolby Vision HDR RecordingBrand Warranty for 1 Year",4.6
98,"SAMSUNG Galaxy Z Flip3 5G (Cream, 128 GB)","₹45,999",8 GB RAM | 128 GB ROM17.02 cm (6.7 inch) Full HD+ Display12MP + 12MP | 10MP Front Camera3300 mAh Lithium-ion BatteryQualcomm Snapdragon 888 Octa-Core Processor1 Year Manufacturer Warranty for Device and 6 months Manufacturer Warranty for In-Box Accessories,4.3
99,"SAMSUNG Galaxy Z Flip3 5G (Phantom Black, 128 GB)","₹45,999",8 GB RAM | 128 GB ROM17.02 cm (6.7 inch) Full HD+ Display12MP + 12MP | 10MP Front Camera3300 mAh Lithium-ion BatteryQualcomm Snapdragon 888 Octa-Core Processor1 Year Manufacturer Warranty for Device and 6 months Manufacturer Warranty for In-Box Accessories,4.3
100,"vivo V29 Pro 5G (Blue, 256 GB)","₹42,999",12 GB RAM | 256 GB ROM17.22 cm (6.78 inch) Full HD+ AMOLED Display50MP + 12MP + 8MP | 50MP Front Camera4600 mAh BatteryDimensity 8200 Processor1 Year Manufacturer Warranty for Phone and 6 Months Warranty for In the Box Accessories,4.5
101,"vivo V29 Pro 5G (Black, 256 GB)","₹42,999",12 GB RAM | 256 GB ROM17.22 cm (6.78 inch) Full HD+ AMOLED Display50MP + 12MP + 8MP | 50MP Front Camera4600 mAh BatteryDimensity 8200 Processor1 Year Manufacturer Warranty for Phone and 6 Months Warranty for In the Box Accessories,4.5
102,"SAMSUNG Galaxy A54 5G (Awesome Lime, 256 GB)","₹38,999","8 GB RAM | 256 GB ROM | Expandable Upto 1 TB16.26 cm (6.4 inch) Full HD+ Display50MP + 12MP + 5MP | 32MP Front Camera5000 mAh BatteryExynos 1380, Octa Core Processor1 Year Manufacturer Warranty for Device and 6 Months Manufacturer Warranty for In-Box Accessories",4.2
103,"APPLE iPhone 12 (White, 128 GB)","₹48,999","128 GB ROM15.49 cm (6.1 inch) Super Retina XDR Display12MP + 12MP | 12MP Front CameraA14 Bionic Chip with Next Generation Neural Engine ProcessorCeramic ShieldIndustry-leading IP68 Water ResistanceAll Screen OLED Display12MP TrueDepth Front Camera with Night Mode, 4K Dolby Vision HDR RecordingBrand Warranty for 1 Year",4.6
104,"APPLE iPhone 11 (White, 128 GB)","₹48,900",128 GB ROM15.49 cm (6.1 inch) Liquid Retina HD Display12MP + 12MP | 12MP Front CameraA13 Bionic Chip ProcessorBrand Warranty of 1 Year,4.6
105,"OnePlus 10 Pro 5G (Emerald Forest, 128 GB)","₹49,859",8 GB RAM | 128 GB ROM17.02 cm (6.7 inch) Display48MP Rear Camera5000 mAh Battery1 year manufacturer warranty for device and 6 months manufacturer warranty for in-box accessories including batteries from the date of purchase,4.2
106,"SAMSUNG Galaxy S20 FE 5G (Cloud Navy, 128 GB)","₹27,984",8 GB RAM | 128 GB ROM16.51 cm (6.5 inch) Display12MP Rear Camera | 32MP Front Camera4500 mAh Battery1 Year Warranty,4.2
107,"Samsung Galaxy S21 FE 5G with Snapdragon 888 (Olive, 256 GB)","₹41,999",8 GB RAM | 256 GB ROM16.26 cm (6.4 inch) Full HD+ Display12MP + 12MP + 8MP (OIS) | 32MP Front Camera4500 mAh Lithium-ion BatterySnapdragon 888 Processor1 Year Manufacturer Warranty for Device and 6 Months Manufacturer Warranty for In-Box Accessories,4.3
108,"OnePlus 10 Pro 5G (Volcanic Black, 128 GB)","₹48,699",8 GB RAM | 128 GB ROM17.02 cm (6.7 inch) Display48MP Rear Camera5000 mAh Battery1 Year Manufacturer Warranty for Handset and 6 Months Warranty for In the Box Accessories,4.2
109,"Mi 10T Pro (Cosmic Black, 128 GB)","₹25,899",8 GB RAM | 128 GB ROM16.94 cm (6.67 inch) Full HD+ Display108MP + 13MP + 5MP | 20MP Front Camera5000 mAh Li-ion Polymer BatteryQualcomm Snapdragon 865 Processor144Hz Intelligent AdaptiveSync Display33W Dual Split Flash Charge1 Year Manufacturer Warranty for Device and 6 Months Manufacturer Warranty for In-box Accessories,4.2
110,"Tecno Phantom X2 Pro Retractable 50MP Portrait Lens (Mars Orange, 256 GB)","₹41,999",12 GB RAM | 256 GB ROM17.27 cm (6.8 inch) Full HD+ Display50MP + 50MP + 13MP | 32MP Front Camera5160 mAh BatteryMediaTek Dimensity 9000 MT6983 ProcessorDomestic Warranty of 12 Months on Phone & 6 Months on Accessories,4.2
111,"OnePlus 10 Pro 5G (Volcanic Black, 128 GB)","₹50,000",8 GB RAM | 128 GB ROM17.02 cm (6.7 inch) Display48MP Rear Camera | 32MP Front Camera5000 mAh Battery1 Year Manufacturer Warranty for Handset and 6 Months Warranty for In the Box Accessories,4.2
112,"APPLE iPhone 6 Plus (Silver, 64 GB)","₹48,999",64 GB ROM13.97 cm (5.5 inch) Retina HD Display8MP Rear Camera | 1.2MP Front CameraA8 Chip with 64-bit Architecture and M8 Motion Co-processor1 Year Manufacturer Warranty,4.5
113,"Xiaomi 12 Pro 5G (Noir Black, 256 GB)","₹47,999",8 GB RAM | 256 GB ROM17.09 cm (6.73 inch) Full HD+ Display50MP + 50MP + 50MP | 32MP Front Camera4600 mAh Lithium Polymer BatterySnapdragon 8 Gen 1 Processor1 Year Manufacturer Warranty for Phone and 6 Months Warranty for In the Box Accessories,4.1
114,"OPPO Reno8 Pro 5G (Glazed Green, 256 GB)","₹36,499",12 GB RAM | 256 GB ROM17.02 cm (6.7 inch) Full HD+ AMOLED Display50MP + 8MP + 2MP | 32MP Front Camera4500 mAh Lithium-ion Polymer BatteryMediatek Dimensity 8100 Max Processor1 Year Warranty for Phone and 6 Months Warranty for In-Box Accessories,4.4
115,"OPPO Reno8 Pro 5G (Glazed Black, 256 GB)","₹36,499",12 GB RAM | 256 GB ROM17.02 cm (6.7 inch) Full HD+ AMOLED Display50MP + 8MP + 2MP | 32MP Front Camera4500 mAh Lithium-ion Polymer BatteryMediatek Dimensity 8100 Max Processor1 Year Warranty for Phone and 6 Months Warranty for In-Box Accessories,4.4
116,"Tecno Phantom V Flip 5G (Iconic Black, 256 GB)","₹49,999",8 GB RAM | 256 GB ROM17.53 cm (6.9 inch) Display64MP Rear Camera4000 mAh Battery12 Month Warranty,3.8
117,"OnePlus 10T 5G (Jade Green, 256 GB)","₹48,999",12 GB RAM | 256 GB ROM17.02 cm (6.7 inch) Display50MP Rear Camera4800 mAh Battery1 year manufacturer warranty for device and 6 months manufacturer warranty for in-box accessories including batteries from the date of purchase,4.2
118,"realme X50 Pro (Moss Green, 256 GB)","₹47,999",12 GB RAM | 256 GB ROM16.36 cm (6.44 inch) Full HD+ Display64MP + 12MP + 8MP + 2MP | 32MP + 8MP Dual Front Camera4200 mAh Battery5G PhoneQualcomm Snapdragon 865 Processor65W Superdart ChargeBrand Warranty of 1 Year Available for Mobile and 6 Months for Accessories,4.4
119,"OPPO Reno7 Pro 5G (Starlight Black, 256 GB)","₹37,988",12 GB RAM | 256 GB ROM16.51 cm (6.5 inch) Full HD+ AMOLED Display50MP + 8MP + 2MP | 32MP Front Camera4500 mAh Lithium-ion Polymer BatteryMediaTek Dimensity 1200-Max Processor65W SuperVOOC | OPPO Sony IMX766 Flagship Rear Camera SensorAircraft-Grade Shooting Star Design | OPPO Glow1 Year Warranty for Phone and 6 Months Warranty for In-Box Accessories,4.3
120,"Nothing Phone (2) (Dark Grey, 512 GB)","₹45,999",12 GB RAM | 512 GB ROM17.02 cm (6.7 inch) Full HD+ Display50 MP(OIS) +50MP | 32MP Front Camera4700 mAh Lithium ion BatteryQualcomm Snapdragon 8+ Gen 1 ProcessorLTPO AMOLED (1 Hz - 120 Hz)1 Year Manufacturing Warranty,4.4
121,"APPLE iPhone 12 (Blue, 128 GB)","₹48,999","128 GB ROM15.49 cm (6.1 inch) Super Retina XDR Display12MP + 12MP | 12MP Front CameraA14 Bionic Chip with Next Generation Neural Engine ProcessorCeramic ShieldIndustry-leading IP68 Water ResistanceAll Screen OLED Display12MP TrueDepth Front Camera with Night Mode, 4K Dolby Vision HDR RecordingBrand Warranty for 1 Year",4.6
122,"vivo V29 Pro 5G (Blue, 256 GB)","₹42,999",12 GB RAM | 256 GB ROM17.22 cm (6.78 inch) Full HD+ AMOLED Display50MP + 12MP + 8MP | 50MP Front Camera4600 mAh BatteryDimensity 8200 Processor1 Year Manufacturer Warranty for Phone and 6 Months Warranty for In the Box Accessories,4.5
123,"vivo V29 Pro 5G (Black, 256 GB)","₹42,999",12 GB RAM | 256 GB ROM17.22 cm (6.78 inch) Full HD+ AMOLED Display50MP + 12MP + 8MP | 50MP Front Camera4600 mAh BatteryDimensity 8200 Processor1 Year Manufacturer Warranty for Phone and 6 Months Warranty for In the Box Accessories,4.5
124,"SAMSUNG Galaxy Z Flip3 5G (Cream, 128 GB)","₹45,999",8 GB RAM | 128 GB ROM17.02 cm (6.7 inch) Full HD+ Display12MP + 12MP | 10MP Front Camera3300 mAh Lithium-ion BatteryQualcomm Snapdragon 888 Octa-Core Processor1 Year Manufacturer Warranty for Device and 6 months Manufacturer Warranty for In-Box Accessories,4.3
125,"SAMSUNG Galaxy Z Flip3 5G (Phantom Black, 128 GB)","₹45,999",8 GB RAM | 128 GB ROM17.02 cm (6.7 inch) Full HD+ Display12MP + 12MP | 10MP Front Camera3300 mAh Lithium-ion BatteryQualcomm Snapdragon 888 Octa-Core Processor1 Year Manufacturer Warranty for Device and 6 months Manufacturer Warranty for In-Box Accessories,4.3
126,"APPLE iPhone 12 (White, 128 GB)","₹48,999","128 GB ROM15.49 cm (6.1 inch) Super Retina XDR Display12MP + 12MP | 12MP Front CameraA14 Bionic Chip with Next Generation Neural Engine ProcessorCeramic ShieldIndustry-leading IP68 Water ResistanceAll Screen OLED Display12MP TrueDepth Front Camera with Night Mode, 4K Dolby Vision HDR RecordingBrand Warranty for 1 Year",4.6
127,"Samsung Galaxy S21 FE 5G with Snapdragon 888 (Olive, 256 GB)","₹41,999",8 GB RAM | 256 GB ROM16.26 cm (6.4 inch) Full HD+ Display12MP + 12MP + 8MP (OIS) | 32MP Front Camera4500 mAh Lithium-ion BatterySnapdragon 888 Processor1 Year Manufacturer Warranty for Device and 6 Months Manufacturer Warranty for In-Box Accessories,4.3
128,"APPLE iPhone 11 (White, 128 GB)","₹48,900",128 GB ROM15.49 cm (6.1 inch) Liquid Retina HD Display12MP + 12MP | 12MP Front CameraA13 Bionic Chip ProcessorBrand Warranty of 1 Year,4.6
129,"OnePlus 10 Pro 5G (Emerald Forest, 128 GB)","₹49,859",8 GB RAM | 128 GB ROM17.02 cm (6.7 inch) Display48MP Rear Camera5000 mAh Battery1 year manufacturer warranty for device and 6 months manufacturer warranty for in-box accessories including batteries from the date of purchase,4.2
130,"OnePlus 10 Pro 5G (Volcanic Black, 128 GB)","₹48,699",8 GB RAM | 128 GB ROM17.02 cm (6.7 inch) Display48MP Rear Camera5000 mAh Battery1 Year Manufacturer Warranty for Handset and 6 Months Warranty for In the Box Accessories,4.2
131,"Tecno Phantom X2 Pro Retractable 50MP Portrait Lens (Mars Orange, 256 GB)","₹41,999",12 GB RAM | 256 GB ROM17.27 cm (6.8 inch) Full HD+ Display50MP + 50MP + 13MP | 32MP Front Camera5160 mAh BatteryMediaTek Dimensity 9000 MT6983 ProcessorDomestic Warranty of 12 Months on Phone & 6 Months on Accessories,4.2
132,"Mi 10T Pro (Cosmic Black, 128 GB)","₹25,899",8 GB RAM | 128 GB ROM16.94 cm (6.67 inch) Full HD+ Display108MP + 13MP + 5MP | 20MP Front Camera5000 mAh Li-ion Polymer BatteryQualcomm Snapdragon 865 Processor144Hz Intelligent AdaptiveSync Display33W Dual Split Flash Charge1 Year Manufacturer Warranty for Device and 6 Months Manufacturer Warranty for In-box Accessories,4.2
133,"OnePlus 10 Pro 5G (Volcanic Black, 128 GB)","₹50,000",8 GB RAM | 128 GB ROM17.02 cm (6.7 inch) Display48MP Rear Camera | 32MP Front Camera5000 mAh Battery1 Year Manufacturer Warranty for Handset and 6 Months Warranty for In the Box Accessories,4.2
134,"APPLE iPhone 6 Plus (Silver, 64 GB)","₹48,999",64 GB ROM13.97 cm (5.5 inch) Retina HD Display8MP Rear Camera | 1.2MP Front CameraA8 Chip with 64-bit Architecture and M8 Motion Co-processor1 Year Manufacturer Warranty,4.5
135,"OPPO Reno8 Pro 5G (Glazed Green, 256 GB)","₹36,499",12 GB RAM | 256 GB ROM17.02 cm (6.7 inch) Full HD+ AMOLED Display50MP + 8MP + 2MP | 32MP Front Camera4500 mAh Lithium-ion Polymer BatteryMediatek Dimensity 8100 Max Processor1 Year Warranty for Phone and 6 Months Warranty for In-Box Accessories,4.4
136,"Xiaomi 12 Pro 5G (Noir Black, 256 GB)","₹47,999",8 GB RAM | 256 GB ROM17.09 cm (6.73 inch) Full HD+ Display50MP + 50MP + 50MP | 32MP Front Camera4600 mAh Lithium Polymer BatterySnapdragon 8 Gen 1 Processor1 Year Manufacturer Warranty for Phone and 6 Months Warranty for In the Box Accessories,4.1
137,"Tecno Phantom V Flip 5G (Iconic Black, 256 GB)","₹49,999",8 GB RAM | 256 GB ROM17.53 cm (6.9 inch) Display64MP Rear Camera4000 mAh Battery12 Month Warranty,3.8
138,"OPPO Reno8 Pro 5G (Glazed Black, 256 GB)","₹36,499",12 GB RAM | 256 GB ROM17.02 cm (6.7 inch) Full HD+ AMOLED Display50MP + 8MP + 2MP | 32MP Front Camera4500 mAh Lithium-ion Polymer BatteryMediatek Dimensity 8100 Max Processor1 Year Warranty for Phone and 6 Months Warranty for In-Box Accessories,4.4
139,"realme X50 Pro (Moss Green, 256 GB)","₹47,999",12 GB RAM | 256 GB ROM16.36 cm (6.44 inch) Full HD+ Display64MP + 12MP + 8MP + 2MP | 32MP + 8MP Dual Front Camera4200 mAh Battery5G PhoneQualcomm Snapdragon 865 Processor65W Superdart ChargeBrand Warranty of 1 Year Available for Mobile and 6 Months for Accessories,4.4
140,"OnePlus 10T 5G (Jade Green, 256 GB)","₹50,000",12 GB RAM | 256 GB ROM17.02 cm (6.7 inch) Display50MP Rear Camera4800 mAh Battery1 year manufacturer warranty for device and 6 months manufacturer warranty for in-box accessories including batteries from the date of purchase,4.2
141,"OPPO Reno7 Pro 5G (Starlight Black, 256 GB)","₹37,988",12 GB RAM | 256 GB ROM16.51 cm (6.5 inch) Full HD+ AMOLED Display50MP + 8MP + 2MP | 32MP Front Camera4500 mAh Lithium-ion Polymer BatteryMediaTek Dimensity 1200-Max Processor65W SuperVOOC | OPPO Sony IMX766 Flagship Rear Camera SensorAircraft-Grade Shooting Star Design | OPPO Glow1 Year Warranty for Phone and 6 Months Warranty for In-Box Accessories,4.3
142,"OPPO Reno7 Pro 5G (Startrails Blue, 256 GB)","₹47,990",12 GB RAM | 256 GB ROM | Expandable Upto 7 GB16.51 cm (6.5 inch) Full HD+ AMOLED Display50MP + 8MP + 2MP | 32MP Front Camera4500 mAh Lithium-ion Polymer BatteryMediaTek Dimensity 1200-Max Processor65W SuperVOOC | OPPO Sony IMX766 Flagship Rear Camera SensorAircraft-Grade Shooting Star Design | OPPO Glow1 Year Warranty for Phone and 6 Months Warranty for In-Box Accessories,4.3
143,"APPLE iPhone 8 Plus (Silver, 64 GB)","₹49,900","64 GB ROM13.97 cm (5.5 inch) Retina HD Display12MP + 12MP | 7MP Front CameraA11 Bionic Chip with 64-bit Architecture, Neural Engine, Embedded M11 Motion Coprocessor ProcessorBrand Warranty of 1 Year",4.6
144,"Nothing Phone (2) (Dark Grey, 512 GB)","₹45,999",12 GB RAM | 512 GB ROM17.02 cm (6.7 inch) Full HD+ Display50 MP(OIS) +50MP | 32MP Front Camera4700 mAh Lithium ion BatteryQualcomm Snapdragon 8+ Gen 1 ProcessorLTPO AMOLED (1 Hz - 120 Hz)1 Year Manufacturing Warranty,4.4
145,"APPLE iPhone 12 (Blue, 128 GB)","₹48,999","128 GB ROM15.49 cm (6.1 inch) Super Retina XDR Display12MP + 12MP | 12MP Front CameraA14 Bionic Chip with Next Generation Neural Engine ProcessorCeramic ShieldIndustry-leading IP68 Water ResistanceAll Screen OLED Display12MP TrueDepth Front Camera with Night Mode, 4K Dolby Vision HDR RecordingBrand Warranty for 1 Year",4.6
146,"SAMSUNG Galaxy Z Flip3 5G (Cream, 128 GB)","₹45,999",8 GB RAM | 128 GB ROM17.02 cm (6.7 inch) Full HD+ Display12MP + 12MP | 10MP Front Camera3300 mAh Lithium-ion BatteryQualcomm Snapdragon 888 Octa-Core Processor1 Year Manufacturer Warranty for Device and 6 months Manufacturer Warranty for In-Box Accessories,4.3
147,"SAMSUNG Galaxy Z Flip3 5G (Phantom Black, 128 GB)","₹45,999",8 GB RAM | 128 GB ROM17.02 cm (6.7 inch) Full HD+ Display12MP + 12MP | 10MP Front Camera3300 mAh Lithium-ion BatteryQualcomm Snapdragon 888 Octa-Core Processor1 Year Manufacturer Warranty for Device and 6 months Manufacturer Warranty for In-Box Accessories,4.3
148,"vivo V29 Pro 5G (Blue, 256 GB)","₹42,999",12 GB RAM | 256 GB ROM17.22 cm (6.78 inch) Full HD+ AMOLED Display50MP + 12MP + 8MP | 50MP Front Camera4600 mAh BatteryDimensity 8200 Processor1 Year Manufacturer Warranty for Phone and 6 Months Warranty for In the Box Accessories,4.5
149,"vivo V29 Pro 5G (Black, 256 GB)","₹42,999",12 GB RAM | 256 GB ROM17.22 cm (6.78 inch) Full HD+ AMOLED Display50MP + 12MP + 8MP | 50MP Front Camera4600 mAh BatteryDimensity 8200 Processor1 Year Manufacturer Warranty for Phone and 6 Months Warranty for In the Box Accessories,4.5
150,"SAMSUNG Galaxy A54 5G (Awesome Lime, 256 GB)","₹38,999","8 GB RAM | 256 GB ROM | Expandable Upto 1 TB16.26 cm (6.4 inch) Full HD+ Display50MP + 12MP + 5MP | 32MP Front Camera5000 mAh BatteryExynos 1380, Octa Core Processor1 Year Manufacturer Warranty for Device and 6 Months Manufacturer Warranty for In-Box Accessories",4.2
151,"APPLE iPhone 12 (White, 128 GB)","₹48,999","128 GB ROM15.49 cm (6.1 inch) Super Retina XDR Display12MP + 12MP | 12MP Front CameraA14 Bionic Chip with Next Generation Neural Engine ProcessorCeramic ShieldIndustry-leading IP68 Water ResistanceAll Screen OLED Display12MP TrueDepth Front Camera with Night Mode, 4K Dolby Vision HDR RecordingBrand Warranty for 1 Year",4.6
152,"APPLE iPhone 11 (White, 128 GB)","₹48,900",128 GB ROM15.49 cm (6.1 inch) Liquid Retina HD Display12MP + 12MP | 12MP Front CameraA13 Bionic Chip ProcessorBrand Warranty of 1 Year,4.6
153,"OnePlus 10 Pro 5G (Emerald Forest, 128 GB)","₹49,859",8 GB RAM | 128 GB ROM17.02 cm (6.7 inch) Display48MP Rear Camera5000 mAh Battery1 year manufacturer warranty for device and 6 months manufacturer warranty for in-box accessories including batteries from the date of purchase,4.2
154,"SAMSUNG Galaxy S20 FE 5G (Cloud Navy, 128 GB)","₹27,984",8 GB RAM | 128 GB ROM16.51 cm (6.5 inch) Display12MP Rear Camera | 32MP Front Camera4500 mAh Battery1 Year Warranty,4.2
155,"Samsung Galaxy S21 FE 5G with Snapdragon 888 (Olive, 256 GB)","₹41,999",8 GB RAM | 256 GB ROM16.26 cm (6.4 inch) Full HD+ Display12MP + 12MP + 8MP (OIS) | 32MP Front Camera4500 mAh Lithium-ion BatterySnapdragon 888 Processor1 Year Manufacturer Warranty for Device and 6 Months Manufacturer Warranty for In-Box Accessories,4.3
156,"OnePlus 10 Pro 5G (Volcanic Black, 128 GB)","₹48,699",8 GB RAM | 128 GB ROM17.02 cm (6.7 inch) Display48MP Rear Camera5000 mAh Battery1 Year Manufacturer Warranty for Handset and 6 Months Warranty for In the Box Accessories,4.2
157,"Mi 10T Pro (Cosmic Black, 128 GB)","₹25,899",8 GB RAM | 128 GB ROM16.94 cm (6.67 inch) Full HD+ Display108MP + 13MP + 5MP | 20MP Front Camera5000 mAh Li-ion Polymer BatteryQualcomm Snapdragon 865 Processor144Hz Intelligent AdaptiveSync Display33W Dual Split Flash Charge1 Year Manufacturer Warranty for Device and 6 Months Manufacturer Warranty for In-box Accessories,4.2
158,"Tecno Phantom X2 Pro Retractable 50MP Portrait Lens (Mars Orange, 256 GB)","₹41,999",12 GB RAM | 256 GB ROM17.27 cm (6.8 inch) Full HD+ Display50MP + 50MP + 13MP | 32MP Front Camera5160 mAh BatteryMediaTek Dimensity 9000 MT6983 ProcessorDomestic Warranty of 12 Months on Phone & 6 Months on Accessories,4.2
159,"OnePlus 10 Pro 5G (Volcanic Black, 128 GB)","₹50,000",8 GB RAM | 128 GB ROM17.02 cm (6.7 inch) Display48MP Rear Camera | 32MP Front Camera5000 mAh Battery1 Year Manufacturer Warranty for Handset and 6 Months Warranty for In the Box Accessories,4.2
160,"APPLE iPhone 6 Plus (Silver, 64 GB)","₹48,999",64 GB ROM13.97 cm (5.5 inch) Retina HD Display8MP Rear Camera | 1.2MP Front CameraA8 Chip with 64-bit Architecture and M8 Motion Co-processor1 Year Manufacturer Warranty,4.5
161,"Xiaomi 12 Pro 5G (Noir Black, 256 GB)","₹47,999",8 GB RAM | 256 GB ROM17.09 cm (6.73 inch) Full HD+ Display50MP + 50MP + 50MP | 32MP Front Camera4600 mAh Lithium Polymer BatterySnapdragon 8 Gen 1 Processor1 Year Manufacturer Warranty for Phone and 6 Months Warranty for In the Box Accessories,4.1
162,"OPPO Reno8 Pro 5G (Glazed Green, 256 GB)","₹36,499",12 GB RAM | 256 GB ROM17.02 cm (6.7 inch) Full HD+ AMOLED Display50MP + 8MP + 2MP | 32MP Front Camera4500 mAh Lithium-ion Polymer BatteryMediatek Dimensity 8100 Max Processor1 Year Warranty for Phone and 6 Months Warranty for In-Box Accessories,4.4
163,"OPPO Reno8 Pro 5G (Glazed Black, 256 GB)","₹36,499",12 GB RAM | 256 GB ROM17.02 cm (6.7 inch) Full HD+ AMOLED Display50MP + 8MP + 2MP | 32MP Front Camera4500 mAh Lithium-ion Polymer BatteryMediatek Dimensity 8100 Max Processor1 Year Warranty for Phone and 6 Months Warranty for In-Box Accessories,4.4
164,"Tecno Phantom V Flip 5G (Iconic Black, 256 GB)","₹49,999",8 GB RAM | 256 GB ROM17.53 cm (6.9 inch) Display64MP Rear Camera4000 mAh Battery12 Month Warranty,3.8
165,"OnePlus 10T 5G (Jade Green, 256 GB)","₹48,999",12 GB RAM | 256 GB ROM17.02 cm (6.7 inch) Display50MP Rear Camera4800 mAh Battery1 year manufacturer warranty for device and 6 months manufacturer warranty for in-box accessories including batteries from the date of purchase,4.2
166,"realme X50 Pro (Moss Green, 256 GB)","₹47,999",12 GB RAM | 256 GB ROM16.36 cm (6.44 inch) Full HD+ Display64MP + 12MP + 8MP + 2MP | 32MP + 8MP Dual Front Camera4200 mAh Battery5G PhoneQualcomm Snapdragon 865 Processor65W Superdart ChargeBrand Warranty of 1 Year Available for Mobile and 6 Months for Accessories,4.4
167,"OPPO Reno7 Pro 5G (Starlight Black, 256 GB)","₹37,988",12 GB RAM | 256 GB ROM16.51 cm (6.5 inch) Full HD+ AMOLED Display50MP + 8MP + 2MP | 32MP Front Camera4500 mAh Lithium-ion Polymer BatteryMediaTek Dimensity 1200-Max Processor65W SuperVOOC | OPPO Sony IMX766 Flagship Rear Camera SensorAircraft-Grade Shooting Star Design | OPPO Glow1 Year Warranty for Phone and 6 Months Warranty for In-Box Accessories,4.3
168,"Nothing Phone (2) (Dark Grey, 512 GB)","₹45,999",12 GB RAM | 512 GB ROM17.02 cm (6.7 inch) Full HD+ Display50 MP(OIS) +50MP | 32MP Front Camera4700 mAh Lithium ion BatteryQualcomm Snapdragon 8+ Gen 1 ProcessorLTPO AMOLED (1 Hz - 120 Hz)1 Year Manufacturing Warranty,4.4
169,"APPLE iPhone 12 (Blue, 128 GB)","₹48,999","128 GB ROM15.49 cm (6.1 inch) Super Retina XDR Display12MP + 12MP | 12MP Front CameraA14 Bionic Chip with Next Generation Neural Engine ProcessorCeramic ShieldIndustry-leading IP68 Water ResistanceAll Screen OLED Display12MP TrueDepth Front Camera with Night Mode, 4K Dolby Vision HDR RecordingBrand Warranty for 1 Year",4.6
170,"SAMSUNG Galaxy Z Flip3 5G (Cream, 128 GB)","₹45,999",8 GB RAM | 128 GB ROM17.02 cm (6.7 inch) Full HD+ Display12MP + 12MP | 10MP Front Camera3300 mAh Lithium-ion BatteryQualcomm Snapdragon 888 Octa-Core Processor1 Year Manufacturer Warranty for Device and 6 months Manufacturer Warranty for In-Box Accessories,4.3
171,"SAMSUNG Galaxy Z Flip3 5G (Phantom Black, 128 GB)","₹45,999",8 GB RAM | 128 GB ROM17.02 cm (6.7 inch) Full HD+ Display12MP + 12MP | 10MP Front Camera3300 mAh Lithium-ion BatteryQualcomm Snapdragon 888 Octa-Core Processor1 Year Manufacturer Warranty for Device and 6 months Manufacturer Warranty for In-Box Accessories,4.3
172,"vivo V29 Pro 5G (Blue, 256 GB)","₹42,999",12 GB RAM | 256 GB ROM17.22 cm (6.78 inch) Full HD+ AMOLED Display50MP + 12MP + 8MP | 50MP Front Camera4600 mAh BatteryDimensity 8200 Processor1 Year Manufacturer Warranty for Phone and 6 Months Warranty for In the Box Accessories,4.5
173,"vivo V29 Pro 5G (Black, 256 GB)","₹42,999",12 GB RAM | 256 GB ROM17.22 cm (6.78 inch) Full HD+ AMOLED Display50MP + 12MP + 8MP | 50MP Front Camera4600 mAh BatteryDimensity 8200 Processor1 Year Manufacturer Warranty for Phone and 6 Months Warranty for In the Box Accessories,4.5
174,"SAMSUNG Galaxy A54 5G (Awesome Lime, 256 GB)","₹38,999","8 GB RAM | 256 GB ROM | Expandable Upto 1 TB16.26 cm (6.4 inch) Full HD+ Display50MP + 12MP + 5MP | 32MP Front Camera5000 mAh BatteryExynos 1380, Octa Core Processor1 Year Manufacturer Warranty for Device and 6 Months Manufacturer Warranty for In-Box Accessories",4.2
175,"APPLE iPhone 12 (White, 128 GB)","₹48,999","128 GB ROM15.49 cm (6.1 inch) Super Retina XDR Display12MP + 12MP | 12MP Front CameraA14 Bionic Chip with Next Generation Neural Engine ProcessorCeramic ShieldIndustry-leading IP68 Water ResistanceAll Screen OLED Display12MP TrueDepth Front Camera with Night Mode, 4K Dolby Vision HDR RecordingBrand Warranty for 1 Year",4.6
176,"APPLE iPhone 11 (White, 128 GB)","₹48,900",128 GB ROM15.49 cm (6.1 inch) Liquid Retina HD Display12MP + 12MP | 12MP Front CameraA13 Bionic Chip ProcessorBrand Warranty of 1 Year,4.6
177,"OnePlus 10 Pro 5G (Emerald Forest, 128 GB)","₹49,859",8 GB RAM | 128 GB ROM17.02 cm (6.7 inch) Display48MP Rear Camera5000 mAh Battery1 year manufacturer warranty for device and 6 months manufacturer warranty for in-box accessories including batteries from the date of purchase,4.2
178,"SAMSUNG Galaxy S20 FE 5G (Cloud Navy, 128 GB)","₹27,984",8 GB RAM | 128 GB ROM16.51 cm (6.5 inch) Display12MP Rear Camera | 32MP Front Camera4500 mAh Battery1 Year Warranty,4.2
179,"Samsung Galaxy S21 FE 5G with Snapdragon 888 (Olive, 256 GB)","₹41,999",8 GB RAM | 256 GB ROM16.26 cm (6.4 inch) Full HD+ Display12MP + 12MP + 8MP (OIS) | 32MP Front Camera4500 mAh Lithium-ion BatterySnapdragon 888 Processor1 Year Manufacturer Warranty for Device and 6 Months Manufacturer Warranty for In-Box Accessories,4.3
180,"OnePlus 10 Pro 5G (Volcanic Black, 128 GB)","₹48,699",8 GB RAM | 128 GB ROM17.02 cm (6.7 inch) Display48MP Rear Camera5000 mAh Battery1 Year Manufacturer Warranty for Handset and 6 Months Warranty for In the Box Accessories,4.2
181,"Mi 10T Pro (Cosmic Black, 128 GB)","₹25,899",8 GB RAM | 128 GB ROM16.94 cm (6.67 inch) Full HD+ Display108MP + 13MP + 5MP | 20MP Front Camera5000 mAh Li-ion Polymer BatteryQualcomm Snapdragon 865 Processor144Hz Intelligent AdaptiveSync Display33W Dual Split Flash Charge1 Year Manufacturer Warranty for Device and 6 Months Manufacturer Warranty for In-box Accessories,4.2
182,"Tecno Phantom X2 Pro Retractable 50MP Portrait Lens (Mars Orange, 256 GB)","₹41,999",12 GB RAM | 256 GB ROM17.27 cm (6.8 inch) Full HD+ Display50MP + 50MP + 13MP | 32MP Front Camera5160 mAh BatteryMediaTek Dimensity 9000 MT6983 ProcessorDomestic Warranty of 12 Months on Phone & 6 Months on Accessories,4.2
183,"OnePlus 10 Pro 5G (Volcanic Black, 128 GB)","₹50,000",8 GB RAM | 128 GB ROM17.02 cm (6.7 inch) Display48MP Rear Camera | 32MP Front Camera5000 mAh Battery1 Year Manufacturer Warranty for Handset and 6 Months Warranty for In the Box Accessories,4.2
184,"APPLE iPhone 6 Plus (Silver, 64 GB)","₹48,999",64 GB ROM13.97 cm (5.5 inch) Retina HD Display8MP Rear Camera | 1.2MP Front CameraA8 Chip with 64-bit Architecture and M8 Motion Co-processor1 Year Manufacturer Warranty,4.5
185,"Xiaomi 12 Pro 5G (Noir Black, 256 GB)","₹47,999",8 GB RAM | 256 GB ROM17.09 cm (6.73 inch) Full HD+ Display50MP + 50MP + 50MP | 32MP Front Camera4600 mAh Lithium Polymer BatterySnapdragon 8 Gen 1 Processor1 Year Manufacturer Warranty for Phone and 6 Months Warranty for In the Box Accessories,4.1
186,"OPPO Reno8 Pro 5G (Glazed Green, 256 GB)","₹36,499",12 GB RAM | 256 GB ROM17.02 cm (6.7 inch) Full HD+ AMOLED Display50MP + 8MP + 2MP | 32MP Front Camera4500 mAh Lithium-ion Polymer BatteryMediatek Dimensity 8100 Max Processor1 Year Warranty for Phone and 6 Months Warranty for In-Box Accessories,4.4
187,"OPPO Reno8 Pro 5G (Glazed Black, 256 GB)","₹36,499",12 GB RAM | 256 GB ROM17.02 cm (6.7 inch) Full HD+ AMOLED Display50MP + 8MP + 2MP | 32MP Front Camera4500 mAh Lithium-ion Polymer BatteryMediatek Dimensity 8100 Max Processor1 Year Warranty for Phone and 6 Months Warranty for In-Box Accessories,4.4
188,"Tecno Phantom V Flip 5G (Iconic Black, 256 GB)","₹49,999",8 GB RAM | 256 GB ROM17.53 cm (6.9 inch) Display64MP Rear Camera4000 mAh Battery12 Month Warranty,3.8
189,"OnePlus 10T 5G (Jade Green, 256 GB)","₹48,999",12 GB RAM | 256 GB ROM17.02 cm (6.7 inch) Display50MP Rear Camera4800 mAh Battery1 year manufacturer warranty for device and 6 months manufacturer warranty for in-box accessories including batteries from the date of purchase,4.2
190,"realme X50 Pro (Moss Green, 256 GB)","₹47,999",12 GB RAM | 256 GB ROM16.36 cm (6.44 inch) Full HD+ Display64MP + 12MP + 8MP + 2MP | 32MP + 8MP Dual Front Camera4200 mAh Battery5G PhoneQualcomm Snapdragon 865 Processor65W Superdart ChargeBrand Warranty of 1 Year Available for Mobile and 6 Months for Accessories,4.4
191,"OPPO Reno7 Pro 5G (Starlight Black, 256 GB)","₹37,988",12 GB RAM | 256 GB ROM16.51 cm (6.5 inch) Full HD+ AMOLED Display50MP + 8MP + 2MP | 32MP Front Camera4500 mAh Lithium-ion Polymer BatteryMediaTek Dimensity 1200-Max Processor65W SuperVOOC | OPPO Sony IMX766 Flagship Rear Camera SensorAircraft-Grade Shooting Star Design | OPPO Glow1 Year Warranty for Phone and 6 Months Warranty for In-Box Accessories,4.3
192,"Nothing Phone (2) (Dark Grey, 512 GB)","₹45,999",12 GB RAM | 512 GB ROM17.02 cm (6.7 inch) Full HD+ Display50 MP(OIS) +50MP | 32MP Front Camera4700 mAh Lithium ion BatteryQualcomm Snapdragon 8+ Gen 1 ProcessorLTPO AMOLED (1 Hz - 120 Hz)1 Year Manufacturing Warranty,4.4
193,"APPLE iPhone 12 (Blue, 128 GB)","₹48,999","128 GB ROM15.49 cm (6.1 inch) Super Retina XDR Display12MP + 12MP | 12MP Front CameraA14 Bionic Chip with Next Generation Neural Engine ProcessorCeramic ShieldIndustry-leading IP68 Water ResistanceAll Screen OLED Display12MP TrueDepth Front Camera with Night Mode, 4K Dolby Vision HDR RecordingBrand Warranty for 1 Year",4.6
194,"SAMSUNG Galaxy Z Flip3 5G (Cream, 128 GB)","₹45,999",8 GB RAM | 128 GB ROM17.02 cm (6.7 inch) Full HD+ Display12MP + 12MP | 10MP Front Camera3300 mAh Lithium-ion BatteryQualcomm Snapdragon 888 Octa-Core Processor1 Year Manufacturer Warranty for Device and 6 months Manufacturer Warranty for In-Box Accessories,4.3
195,"SAMSUNG Galaxy Z Flip3 5G (Phantom Black, 128 GB)","₹45,999",8 GB RAM | 128 GB ROM17.02 cm (6.7 inch) Full HD+ Display12MP + 12MP | 10MP Front Camera3300 mAh Lithium-ion BatteryQualcomm Snapdragon 888 Octa-Core Processor1 Year Manufacturer Warranty for Device and 6 months Manufacturer Warranty for In-Box Accessories,4.3
196,"vivo V29 Pro 5G (Blue, 256 GB)","₹42,999",12 GB RAM | 256 GB ROM17.22 cm (6.78 inch) Full HD+ AMOLED Display50MP + 12MP + 8MP | 50MP Front Camera4600 mAh BatteryDimensity 8200 Processor1 Year Manufacturer Warranty for Phone and 6 Months Warranty for In the Box Accessories,4.5
197,"vivo V29 Pro 5G (Black, 256 GB)","₹42,999",12 GB RAM | 256 GB ROM17.22 cm (6.78 inch) Full HD+ AMOLED Display50MP + 12MP + 8MP | 50MP Front Camera4600 mAh BatteryDimensity 8200 Processor1 Year Manufacturer Warranty for Phone and 6 Months Warranty for In the Box Accessories,4.5
198,"SAMSUNG Galaxy A54 5G (Awesome Lime, 256 GB)","₹38,999","8 GB RAM | 256 GB ROM | Expandable Upto 1 TB16.26 cm (6.4 inch) Full HD+ Display50MP + 12MP + 5MP | 32MP Front Camera5000 mAh BatteryExynos 1380, Octa Core Processor1 Year Manufacturer Warranty for Device and 6 Months Manufacturer Warranty for In-Box Accessories",4.2
199,"APPLE iPhone 12 (White, 128 GB)","₹48,999","128 GB ROM15.49 cm (6.1 inch) Super Retina XDR Display12MP + 12MP | 12MP Front CameraA14 Bionic Chip with Next Generation Neural Engine ProcessorCeramic ShieldIndustry-leading IP68 Water ResistanceAll Screen OLED Display12MP TrueDepth Front Camera with Night Mode, 4K Dolby Vision HDR RecordingBrand Warranty for 1 Year",4.6
200,"APPLE iPhone 11 (White, 128 GB)","₹48,900",128 GB ROM15.49 cm (6.1 inch) Liquid Retina HD Display12MP + 12MP | 12MP Front CameraA13 Bionic Chip ProcessorBrand Warranty of 1 Year,4.6
201,"OnePlus 10 Pro 5G (Emerald Forest, 128 GB)","₹49,859",8 GB RAM | 128 GB ROM17.02 cm (6.7 inch) Display48MP Rear Camera5000 mAh Battery1 year manufacturer warranty for device and 6 months manufacturer warranty for in-box accessories including batteries from the date of purchase,4.2
202,"SAMSUNG Galaxy S20 FE 5G (Cloud Navy, 128 GB)","₹27,984",8 GB RAM | 128 GB ROM16.51 cm (6.5 inch) Display12MP Rear Camera | 32MP Front Camera4500 mAh Battery1 Year Warranty,4.2
203,"Samsung Galaxy S21 FE 5G with Snapdragon 888 (Olive, 256 GB)","₹41,999",8 GB RAM | 256 GB ROM16.26 cm (6.4 inch) Full HD+ Display12MP + 12MP + 8MP (OIS) | 32MP Front Camera4500 mAh Lithium-ion BatterySnapdragon 888 Processor1 Year Manufacturer Warranty for Device and 6 Months Manufacturer Warranty for In-Box Accessories,4.3
204,"OnePlus 10 Pro 5G (Volcanic Black, 128 GB)","₹48,699",8 GB RAM | 128 GB ROM17.02 cm (6.7 inch) Display48MP Rear Camera5000 mAh Battery1 Year Manufacturer Warranty for Handset and 6 Months Warranty for In the Box Accessories,4.2
205,"Mi 10T Pro (Cosmic Black, 128 GB)","₹25,899",8 GB RAM | 128 GB ROM16.94 cm (6.67 inch) Full HD+ Display108MP + 13MP + 5MP | 20MP Front Camera5000 mAh Li-ion Polymer BatteryQualcomm Snapdragon 865 Processor144Hz Intelligent AdaptiveSync Display33W Dual Split Flash Charge1 Year Manufacturer Warranty for Device and 6 Months Manufacturer Warranty for In-box Accessories,4.2
206,"Tecno Phantom X2 Pro Retractable 50MP Portrait Lens (Mars Orange, 256 GB)","₹41,999",12 GB RAM | 256 GB ROM17.27 cm (6.8 inch) Full HD+ Display50MP + 50MP + 13MP | 32MP Front Camera5160 mAh BatteryMediaTek Dimensity 9000 MT6983 ProcessorDomestic Warranty of 12 Months on Phone & 6 Months on Accessories,4.2
207,"OnePlus 10 Pro 5G (Volcanic Black, 128 GB)","₹50,000",8 GB RAM | 128 GB ROM17.02 cm (6.7 inch) Display48MP Rear Camera | 32MP Front Camera5000 mAh Battery1 Year Manufacturer Warranty for Handset and 6 Months Warranty for In the Box Accessories,4.2
208,"APPLE iPhone 6 Plus (Silver, 64 GB)","₹48,999",64 GB ROM13.97 cm (5.5 inch) Retina HD Display8MP Rear Camera | 1.2MP Front CameraA8 Chip with 64-bit Architecture and M8 Motion Co-processor1 Year Manufacturer Warranty,4.5
209,"Xiaomi 12 Pro 5G (Noir Black, 256 GB)","₹47,999",8 GB RAM | 256 GB ROM17.09 cm (6.73 inch) Full HD+ Display50MP + 50MP + 50MP | 32MP Front Camera4600 mAh Lithium Polymer BatterySnapdragon 8 Gen 1 Processor1 Year Manufacturer Warranty for Phone and 6 Months Warranty for In the Box Accessories,4.1
210,"OPPO Reno8 Pro 5G (Glazed Green, 256 GB)","₹36,499",12 GB RAM | 256 GB ROM17.02 cm (6.7 inch) Full HD+ AMOLED Display50MP + 8MP + 2MP | 32MP Front Camera4500 mAh Lithium-ion Polymer BatteryMediatek Dimensity 8100 Max Processor1 Year Warranty for Phone and 6 Months Warranty for In-Box Accessories,4.4
211,"OPPO Reno8 Pro 5G (Glazed Black, 256 GB)","₹36,499",12 GB RAM | 256 GB ROM17.02 cm (6.7 inch) Full HD+ AMOLED Display50MP + 8MP + 2MP | 32MP Front Camera4500 mAh Lithium-ion Polymer BatteryMediatek Dimensity 8100 Max Processor1 Year Warranty for Phone and 6 Months Warranty for In-Box Accessories,4.4
212,"Tecno Phantom V Flip 5G (Iconic Black, 256 GB)","₹49,999",8 GB RAM | 256 GB ROM17.53 cm (6.9 inch) Display64MP Rear Camera4000 mAh Battery12 Month Warranty,3.8
213,"OnePlus 10T 5G (Jade Green, 256 GB)","₹48,999",12 GB RAM | 256 GB ROM17.02 cm (6.7 inch) Display50MP Rear Camera4800 mAh Battery1 year manufacturer warranty for device and 6 months manufacturer warranty for in-box accessories including batteries from the date of purchase,4.2
214,"realme X50 Pro (Moss Green, 256 GB)","₹47,999",12 GB RAM | 256 GB ROM16.36 cm (6.44 inch) Full HD+ Display64MP + 12MP + 8MP + 2MP | 32MP + 8MP Dual Front Camera4200 mAh Battery5G PhoneQualcomm Snapdragon 865 Processor65W Superdart ChargeBrand Warranty of 1 Year Available for Mobile and 6 Months for Accessories,4.4
215,"OPPO Reno7 Pro 5G (Starlight Black, 256 GB)","₹37,988",12 GB RAM | 256 GB ROM16.51 cm (6.5 inch) Full HD+ AMOLED Display50MP + 8MP + 2MP | 32MP Front Camera4500 mAh Lithium-ion Polymer BatteryMediaTek Dimensity 1200-Max Processor65W SuperVOOC | OPPO Sony IMX766 Flagship Rear Camera SensorAircraft-Grade Shooting Star Design | OPPO Glow1 Year Warranty for Phone and 6 Months Warranty for In-Box Accessories,4.3
216,Good One G5605,₹999,32 MB RAM | 32 MB ROM | Expandable Upto 32 GB4.57 cm (1.8 inch) Display2MP Rear Camera2500 mAh Battery12 Months Warranty,3.8
217,Good One G5605N,₹999,32 MB RAM | 32 MB ROM | Expandable Upto 32 GB4.57 cm (1.8 inch) Display2MP Rear Camera2500 mAh Battery12 Months Warranty,3.8
218,"Nothing Phone (2) (Dark Grey, 512 GB)","₹45,999",12 GB RAM | 512 GB ROM17.02 cm (6.7 inch) Full HD+ Display50 MP(OIS) +50MP | 32MP Front Camera4700 mAh Lithium ion BatteryQualcomm Snapdragon 8+ Gen 1 ProcessorLTPO AMOLED (1 Hz - 120 Hz)1 Year Manufacturing Warranty,4.4
219,"APPLE iPhone 12 (Blue, 128 GB)","₹48,999","128 GB ROM15.49 cm (6.1 inch) Super Retina XDR Display12MP + 12MP | 12MP Front CameraA14 Bionic Chip with Next Generation Neural Engine ProcessorCeramic ShieldIndustry-leading IP68 Water ResistanceAll Screen OLED Display12MP TrueDepth Front Camera with Night Mode, 4K Dolby Vision HDR RecordingBrand Warranty for 1 Year",4.6
220,"vivo V29 Pro 5G (Blue, 256 GB)","₹42,999",12 GB RAM | 256 GB ROM17.22 cm (6.78 inch) Full HD+ AMOLED Display50MP + 12MP + 8MP | 50MP Front Camera4600 mAh BatteryDimensity 8200 Processor1 Year Manufacturer Warranty for Phone and 6 Months Warranty for In the Box Accessories,4.5
221,"vivo V29 Pro 5G (Black, 256 GB)","₹42,999",12 GB RAM | 256 GB ROM17.22 cm (6.78 inch) Full HD+ AMOLED Display50MP + 12MP + 8MP | 50MP Front Camera4600 mAh BatteryDimensity 8200 Processor1 Year Manufacturer Warranty for Phone and 6 Months Warranty for In the Box Accessories,4.5
222,Cellecor E6+,"₹1,171",32 MB RAM | 32 MB ROM4.57 cm (1.8 inch) Display0.8MP Rear Camera2750 mAh Battery1 Year Warranty for phone Only,3.6
223,"SAMSUNG Galaxy Z Flip3 5G (Cream, 128 GB)","₹45,999",8 GB RAM | 128 GB ROM17.02 cm (6.7 inch) Full HD+ Display12MP + 12MP | 10MP Front Camera3300 mAh Lithium-ion BatteryQualcomm Snapdragon 888 Octa-Core Processor1 Year Manufacturer Warranty for Device and 6 months Manufacturer Warranty for In-Box Accessories,4.3
224,"SAMSUNG Galaxy Z Flip3 5G (Phantom Black, 128 GB)","₹45,999",8 GB RAM | 128 GB ROM17.02 cm (6.7 inch) Full HD+ Display12MP + 12MP | 10MP Front Camera3300 mAh Lithium-ion BatteryQualcomm Snapdragon 888 Octa-Core Processor1 Year Manufacturer Warranty for Device and 6 months Manufacturer Warranty for In-Box Accessories,4.3
225,"APPLE iPhone 12 (Purple, 128 GB)","₹48,999","128 GB ROM15.49 cm (6.1 inch) Super Retina XDR Display12MP + 12MP | 12MP Front CameraA14 Bionic Chip with Next Generation Neural Engine ProcessorCeramic ShieldIndustry-leading IP68 Water ResistanceAll Screen OLED Display12MP TrueDepth Front Camera with Night Mode, 4K Dolby Vision HDR RecordingBrand Warranty for 1 Year",4.6
226,"APPLE iPhone 12 (White, 128 GB)","₹48,999","128 GB ROM15.49 cm (6.1 inch) Super Retina XDR Display12MP + 12MP | 12MP Front CameraA14 Bionic Chip with Next Generation Neural Engine ProcessorCeramic ShieldIndustry-leading IP68 Water ResistanceAll Screen OLED Display12MP TrueDepth Front Camera with Night Mode, 4K Dolby Vision HDR RecordingBrand Warranty for 1 Year",4.6
227,"Samsung Galaxy S21 FE 5G with Snapdragon 888 (Olive, 256 GB)","₹41,999",8 GB RAM | 256 GB ROM16.26 cm (6.4 inch) Full HD+ Display12MP + 12MP + 8MP (OIS) | 32MP Front Camera4500 mAh Lithium-ion BatterySnapdragon 888 Processor1 Year Manufacturer Warranty for Device and 6 Months Manufacturer Warranty for In-Box Accessories,4.3
228,"OnePlus 10 Pro 5G (Emerald Forest, 128 GB)","₹49,859",8 GB RAM | 128 GB ROM17.02 cm (6.7 inch) Display48MP Rear Camera5000 mAh Battery1 year manufacturer warranty for device and 6 months manufacturer warranty for in-box accessories including batteries from the date of purchase,4.2
229,"APPLE iPhone 11 (White, 128 GB)","₹48,900",128 GB ROM15.49 cm (6.1 inch) Liquid Retina HD Display12MP + 12MP | 12MP Front CameraA13 Bionic Chip ProcessorBrand Warranty of 1 Year,4.6
230,"OnePlus 10 Pro 5G (Volcanic Black, 128 GB)","₹48,699",8 GB RAM | 128 GB ROM17.02 cm (6.7 inch) Display48MP Rear Camera5000 mAh Battery1 Year Manufacturer Warranty for Handset and 6 Months Warranty for In the Box Accessories,4.2
231,"Tecno Phantom X2 Pro Retractable 50MP Portrait Lens (Mars Orange, 256 GB)","₹41,999",12 GB RAM | 256 GB ROM17.27 cm (6.8 inch) Full HD+ Display50MP + 50MP + 13MP | 32MP Front Camera5160 mAh BatteryMediaTek Dimensity 9000 MT6983 ProcessorDomestic Warranty of 12 Months on Phone & 6 Months on Accessories,4.2
232,"Mi 10T Pro (Cosmic Black, 128 GB)","₹25,899",8 GB RAM | 128 GB ROM16.94 cm (6.67 inch) Full HD+ Display108MP + 13MP + 5MP | 20MP Front Camera5000 mAh Li-ion Polymer BatteryQualcomm Snapdragon 865 Processor144Hz Intelligent AdaptiveSync Display33W Dual Split Flash Charge1 Year Manufacturer Warranty for Device and 6 Months Manufacturer Warranty for In-box Accessories,4.2
233,"Xiaomi 12 Pro 5G (Couture Blue, 256 GB)","₹49,990",12 GB RAM | 256 GB ROM17.09 cm (6.73 inch) Full HD+ Display50MP + 50MP + 50MP | 32MP Front Camera4600 mAh Lithium Polymer BatterySnapdragon 8 Gen 1 Processor1 Year Manufacturer Warranty for Phone and 6 Months Warranty for In the Box Accessories,4.2
234,"OnePlus 10 Pro 5G (Volcanic Black, 128 GB)","₹50,000",8 GB RAM | 128 GB ROM17.02 cm (6.7 inch) Display48MP Rear Camera | 32MP Front Camera5000 mAh Battery1 Year Manufacturer Warranty for Handset and 6 Months Warranty for In the Box Accessories,4.2
235,"APPLE iPhone 6 Plus (Silver, 64 GB)","₹48,999",64 GB ROM13.97 cm (5.5 inch) Retina HD Display8MP Rear Camera | 1.2MP Front CameraA8 Chip with 64-bit Architecture and M8 Motion Co-processor1 Year Manufacturer Warranty,4.5
236,"vivo X70 Pro (Cosmic Black, 256 GB)","₹45,990",8 GB RAM | 256 GB ROM16.66 cm (6.56 inch) Full HD+ Display50MP + 12MP + 12MP + 8MP | 32MP Front Camera4450 mAh BatteryMediaTek Dimensity 1200 Processor1 Year for Handset and 6 Months for In-box Accessories,4.5
237,"OPPO Reno8 Pro 5G (Glazed Green, 256 GB)","₹36,499",12 GB RAM | 256 GB ROM17.02 cm (6.7 inch) Full HD+ AMOLED Display50MP + 8MP + 2MP | 32MP Front Camera4500 mAh Lithium-ion Polymer BatteryMediatek Dimensity 8100 Max Processor1 Year Warranty for Phone and 6 Months Warranty for In-Box Accessories,4.4
238,"Xiaomi 12 Pro 5G (Noir Black, 256 GB)","₹47,999",8 GB RAM | 256 GB ROM17.09 cm (6.73 inch) Full HD+ Display50MP + 50MP + 50MP | 32MP Front Camera4600 mAh Lithium Polymer BatterySnapdragon 8 Gen 1 Processor1 Year Manufacturer Warranty for Phone and 6 Months Warranty for In the Box Accessories,4.1
239,"Tecno Phantom V Flip 5G (Iconic Black, 256 GB)","₹49,999",8 GB RAM | 256 GB ROM17.53 cm (6.9 inch) Display64MP Rear Camera4000 mAh Battery12 Month Warranty,3.8
